model_name,product_id,page_link,price,model_license,format,polygons,vertices,textures,materials,unwrapped_uvs,uv_mapped
3D Old leather sofa,2054346,https://www.turbosquid.com/FullPreview/Index.cfm/ID/2054346,Free,3D Model License: Standard,FBX,"2,630 Polygons","1,930 Vertices",Yes,No,Yes,Yes
3D model Old Sofa Low-poly PBR Free,1996382,https://www.turbosquid.com/FullPreview/Index.cfm/ID/1996382,Free,3D Model License: Standard,FBX,"1,712 Polygons","2,041 Vertices",Yes,Yes,Yes,Yes
3D model Sofa Set 01,1973705,https://www.turbosquid.com/FullPreview/Index.cfm/ID/1973705,Free,3D Model License: Standard,"NATIVEBlender 3.2.0 | Cycles Render, OBJ, FBX","60,384 Polygons","61,243 Vertices",Yes,Yes,Yes,No
3D model Collection Of 3D Furniture Vol1,1864341,https://www.turbosquid.com/FullPreview/Index.cfm/ID/1864341,Free,3D Model License: Standard,,"100,000 Polygons","90,000 Vertices",Yes,Yes,Yes,Yes
3D Sofa Low-poly PBR,1749584,https://www.turbosquid.com/FullPreview/Index.cfm/ID/1749584,Free,3D Model License: Standard,FBX,"13,438 Polygons","13,523 Vertices",Yes,Yes,Yes,Yes
3D model Low Poly Sofa,1741699,https://www.turbosquid.com/FullPreview/Index.cfm/ID/1741699,Free,3D Model License: Standard,"OBJ, FBX, glTF, 3D Studio, Collada, AutoCAD drawing, STL","4,414 Polygons","2,364 Vertices",Yes,Yes,Yes,Yes
3D model Sofa 01,1545874,https://www.turbosquid.com/FullPreview/Index.cfm/ID/1545874,Free,3D Model License: Standard,"NATIVE3ds Max 2014 | Corona, OBJ, FBX, 3D Studio",0 Polygons,"9,108 Vertices",Yes,Yes,Yes,Yes
SOFA-POLIFORM I Paris-Seoul 2 3D model,1687167,https://www.turbosquid.com/FullPreview/Index.cfm/ID/1687167,Free,3D Model License: Standard,3ds Max 2013 V-Ray 4,"1,020,404 Polygons","994,906 Vertices",Yes,Yes,Yes,Yes
Interior Sofa 1 3D model,1660503,https://www.turbosquid.com/FullPreview/Index.cfm/ID/1660503,Free,3D Model License: Standard,Blender 2.83 Cycles Render,"3,754 Polygons","1,937 Vertices",Yes,Yes,Yes,Yes
Interior Sofa 3(1) 3D,1660463,https://www.turbosquid.com/FullPreview/Index.cfm/ID/1660463,Free,3D Model License: Standard,"FBX, Blender 2.83 Cycles Render","4,043 Polygons","2,165 Vertices",Yes,Yes,Yes,Yes
3D model Revit Family - Full scalable sofa 2,1634565,https://www.turbosquid.com/FullPreview/Index.cfm/ID/1634565,Free,3D Model License: Standard,"NATIVERevit Family 2019, FBX 2015","21,762 Polygons","12,161 Vertices",No,No,Yes,No
Couch 3D,1603312,https://www.turbosquid.com/FullPreview/Index.cfm/ID/1603312,Free,3D Model License: Standard,"NATIVEBlender 2.8 | Cycles Render, OBJ, FBX, Collada","17,232 Polygons","16,970 Vertices",Yes,Yes,Yes,Yes
Old Leather Sofa 3D model,1534247,https://www.turbosquid.com/FullPreview/Index.cfm/ID/1534247,Free,3D Model License: Standard,"NATIVE3ds Max 2015 | Corona 5, OBJ, FBX","28,637 Polygons","31,396 Vertices",Yes,Yes,Yes,Yes
Leather pouf sofa pack 3D,1378130,https://www.turbosquid.com/FullPreview/Index.cfm/ID/1378130,Free,3D Model License: Standard,FBX,"8,424 Polygons","4,306 Vertices",Yes,Yes,Yes,Yes
3D Sofa-pillows,1382118,https://www.turbosquid.com/FullPreview/Index.cfm/ID/1382118,Free,3D Model License: Standard,"NATIVE3ds Max 2013 | V-Ray 3.20.02, OBJ, FBX","318,432 Polygons","315,104 Vertices",Yes,Yes,Yes,No
3D Continental-Sofa model,1840771,https://www.turbosquid.com/FullPreview/Index.cfm/ID/1840771,Free,3D Model License: Standard,"NATIVEBlender 2.93.4 | Blender Render, 3ds Max 2021 V-Ray 3.2, 3ds Max 2021 Arnold 6.1, OBJ, FBX","145,367 Polygons","155,747 Vertices",Yes,Yes,Yes,Yes
3D Sofa Elsa model,1494441,https://www.turbosquid.com/FullPreview/Index.cfm/ID/1494441,Free,3D Model License: Standard,"NATIVE3ds Max 2016 | V-Ray 4, 3ds Max 2016 Corona 2, OBJ 2016, FBX 2009","314,950 Polygons","313,978 Vertices",Yes,Yes,Yes,Yes
Revit family IKEA FLOTTEBO sleeper sofa 3D model,1479422,https://www.turbosquid.com/FullPreview/Index.cfm/ID/1479422,Free,3D Model License: Standard,NATIVERevit Family 2018,1 Polygons,1 Vertices,Yes,Yes,Yes,No
3D Sofa Onda,1473548,https://www.turbosquid.com/FullPreview/Index.cfm/ID/1473548,Free,3D Model License: Standard,"NATIVE3ds Max 2016 | V-Ray 3.50.04, 3ds Max 2013 V-Ray 3.50.04, OBJ 2016, FBX 2016","101,601 Polygons","102,225 Vertices",Yes,Yes,Yes,Yes
3D Curved sofa hollyHunt collection,1474089,https://www.turbosquid.com/FullPreview/Index.cfm/ID/1474089,Free,3D Model License: Standard,"NATIVE3ds Max 2016 | V-Ray 3.4, 3ds Max 2013 V-Ray, OBJ, FBX, 3D Studio, AutoCAD drawing","62,172 Polygons","62,595 Vertices",Yes,Yes,Yes,Yes
Sofa Arona 3D model,1381415,https://www.turbosquid.com/FullPreview/Index.cfm/ID/1381415,Free,3D Model License: Standard,"NATIVE3ds Max 2013 | V-Ray, OBJ, FBX",1 Polygons,1 Vertices,Yes,Yes,Yes,Yes
3D model sofa,1701735,https://www.turbosquid.com/FullPreview/Index.cfm/ID/1701735,Free,3D Model License: Standard,"3ds Max 2018 V-Ray Next, 3ds Max 2015 V-Ray Next, OBJ 2018, FBX 2018","195,826 Polygons","196,269 Vertices",Yes,Yes,Yes,No
Sofa GM Italia Plutone,657824,https://www.turbosquid.com/FullPreview/Index.cfm/ID/657824,Free,3D Model License: Standard,"NATIVE3ds Max 2010 | V-Ray 1,5, OBJ, FBX","3,032 Polygons","3,091 Vertices",Yes,Yes,Yes,Yes
Ligne Roset Citta sofa and armchair,714627,https://www.turbosquid.com/FullPreview/Index.cfm/ID/714627,Free,3D Model License: Standard,"NATIVE3ds Max 2008 | V-Ray, OBJ, FBX","33,000 Polygons","33,200 Vertices",Yes,Yes,Yes,Yes
Saba Livingston Sofa and armchair,822544,https://www.turbosquid.com/FullPreview/Index.cfm/ID/822544,Free,3D Model License: Standard,3ds Max 2010 V-Ray,"208,000 Polygons","208,000 Vertices",Yes,Yes,Yes,Yes
Cloth sofa - 3 places,805880,https://www.turbosquid.com/FullPreview/Index.cfm/ID/805880,Free,3D Model License: Standard,"3ds Max 2011 V-Ray 2.30, 3ds Max 2014 V-Ray 2.30, OBJ 2014, FBX 2014, 3D Studio 2014","115,008 Polygons","115,148 Vertices",Yes,Yes,Yes,Yes
flexform long Island,655304,https://www.turbosquid.com/FullPreview/Index.cfm/ID/655304,Free,3D Model License: Standard,NATIVE3ds Max 2009 | V-Ray 1.50 SP2,"188,408 Polygons","188,500 Vertices",Yes,Yes,Yes,Yes
Chairs and Sofas,1102890,https://www.turbosquid.com/FullPreview/Index.cfm/ID/1102890,Free,3D Model License: Standard,"NATIVEMaya  | Maya Hardware 2.0, OBJ, FBX","3,010 Polygons","1,584 Vertices",Yes,Yes,Yes,Yes
Sofa,1031408,https://www.turbosquid.com/FullPreview/Index.cfm/ID/1031408,Free,3D Model License: Standard,"NATIVE3ds Max 2012 | V-Ray 2,10,01, OBJ","29,938 Polygons","22,408 Vertices",Yes,Yes,Yes,Yes
Classic Sofa,977350,https://www.turbosquid.com/FullPreview/Index.cfm/ID/977350,Free,3D Model License: Standard,"3ds Max 2011 V-Ray 3.00, 3ds Max 2011 Corona 1.3, OBJ 2011","890,848 Polygons","460,455 Vertices",Yes,Yes,Yes,Yes
Leather sofa,797581,https://www.turbosquid.com/FullPreview/Index.cfm/ID/797581,Free,3D Model License: Standard,"NATIVE3ds Max 2012 | V-Ray 2.40, OBJ 2012","584,840 Polygons","292,439 Vertices",Yes,Yes,Yes,No
Saba NewYork,822752,https://www.turbosquid.com/FullPreview/Index.cfm/ID/822752,Free,3D Model License: Standard,3ds Max 2011 V-Ray,"284,672 Polygons","284,694 Vertices",Yes,Yes,Yes,Yes
3D Cappellini Elan,1315227,https://www.turbosquid.com/FullPreview/Index.cfm/ID/1315227,Free,3D Model License: Standard,"NATIVE3ds Max 2015 | Corona 1.7, OBJ, FBX","662,655 Polygons","676,239 Vertices",Yes,Yes,Yes,Yes
3D model Liv 1191,1172735,https://www.turbosquid.com/FullPreview/Index.cfm/ID/1172735,Free,3D Model License: Standard,"NATIVE3ds Max 2011 | V-Ray, 3ds Max 2011 V-Ray, FBX, SketchUp 8, 3D Studio, AutoCAD drawing","1,690,518 Polygons","1,690,518 Vertices",Yes,Yes,Yes,Yes
Fridhem_max 8,420202,https://www.turbosquid.com/FullPreview/Index.cfm/ID/420202,Free,3D Model License: Standard,"3ds Max, 3D Studio","17,416 Polygons","17,618 Vertices",No,Yes,Yes,No
Techno Sofa & Chair,892324,https://www.turbosquid.com/FullPreview/Index.cfm/ID/892324,Free,3D Model License: Standard,NATIVE3ds Max 2012 | V-Ray 2.40.03,"36,440 Polygons","36,796 Vertices",Yes,Yes,Yes,Yes
modern sofa,537052,https://www.turbosquid.com/FullPreview/Index.cfm/ID/537052,Free,3D Model License: Standard,3ds Max 2009,"6,978 Polygons","9,208 Vertices",Yes,Yes,Yes,Yes
Couch Sofa,438687,https://www.turbosquid.com/FullPreview/Index.cfm/ID/438687,Free,3D Model License: Standard,Cinema 4D,0 Polygons,0 Vertices,Yes,Yes,Yes,No
sofa 3D,1165262,https://www.turbosquid.com/FullPreview/Index.cfm/ID/1165262,Free,3D Model License: Standard,"NATIVE3ds Max 2013 | V-Ray, OBJ","10,880 Polygons","100,978 Vertices",Yes,Yes,Yes,Yes
Luxury Living Room Sofa,1100348,https://www.turbosquid.com/FullPreview/Index.cfm/ID/1100348,Free,3D Model License: Standard,"NATIVEMaya 2017, 3ds Max 2017 Corona 1.5.2, OBJ, FBX 2014/2015","51,386 Polygons","53,218 Vertices",Yes,No,Yes,Yes
SOFA NOMADE EXPRESS,928132,https://www.turbosquid.com/FullPreview/Index.cfm/ID/928132,Free,3D Model License: Standard,"3ds Max 2010 Default Scanline 2010, OBJ, 3D Studio","160,000 Polygons","88,000 Vertices",No,No,Yes,No
3D model Trinity,1172781,https://www.turbosquid.com/FullPreview/Index.cfm/ID/1172781,Free,3D Model License: Standard,"NATIVE3ds Max 2011 | V-Ray, FBX, SketchUp 8","33,378 Polygons","33,378 Vertices",Yes,Yes,Yes,Yes
Leather Sofa,863526,https://www.turbosquid.com/FullPreview/Index.cfm/ID/863526,Free,3D Model License: Standard,"OBJ, Blender 2.72, 3D Studio, Collada 1.5","410,658 Polygons","205,447 Vertices",Yes,Yes,Yes,Yes
Sofa Avalon,523259,https://www.turbosquid.com/FullPreview/Index.cfm/ID/523259,Free,3D Model License: Standard,"NATIVE3ds Max 2009 | V-Ray 1.5SP2, OBJ, 3D Studio","78,738 Polygons","83,742 Vertices",Yes,Yes,Yes,Yes
common couch 01,587657,https://www.turbosquid.com/FullPreview/Index.cfm/ID/587657,Free,3D Model License: Standard,"3ds Max 8, OBJ, 3D Studio, Collada",392 Polygons,244 Vertices,No,No,Yes,Yes
Sofa and Chair scene,659244,https://www.turbosquid.com/FullPreview/Index.cfm/ID/659244,Free,3D Model License: Standard,"NATIVE3ds Max 2012 | V-Ray 1.5sp6, 3ds Max 2010 V-Ray 1.5sp6, OBJ, FBX 2006","75,001 Polygons","45,845 Vertices",Yes,Yes,Yes,Yes
U-shaped_sofa,1063603,https://www.turbosquid.com/FullPreview/Index.cfm/ID/1063603,Free,3D Model License: Standard,"OBJ, FBX, Blender 2.77a","102,368 Polygons","102,388 Vertices",No,Yes,Yes,No
modern_sofa,626573,https://www.turbosquid.com/FullPreview/Index.cfm/ID/626573,Free,3D Model License: Standard,"OBJ, Softimage 2010 Default Scanline, 3D Studio","146,144 Polygons","146,170 Vertices",Yes,No,Yes,Yes
M2 Sofa 3D,1182953,https://www.turbosquid.com/FullPreview/Index.cfm/ID/1182953,Free,3D Model License: Standard,"NATIVE3ds Max 2011 | V-Ray, FBX, SketchUp 8, 3D Studio",0 Polygons,0 Vertices,Yes,Yes,Yes,Yes
3D model IKEA Klippan sofa with Artefly covers,1268926,https://www.turbosquid.com/FullPreview/Index.cfm/ID/1268926,Free,3D Model License: Standard,"NATIVE3ds Max 2013 | V-Ray, Cinema 4D R18 VRAYforC4D, FBX","83,856 Polygons","84,232 Vertices",Yes,Yes,Yes,Yes
sofa 001,544439,https://www.turbosquid.com/FullPreview/Index.cfm/ID/544439,Free,3D Model License: Standard,"3ds Max 2010, Maya 2010, FBX 2010","9,460 Polygons","5,053 Vertices",Yes,Yes,Yes,Yes
Ploum Sofa Ligne Roset,928903,https://www.turbosquid.com/FullPreview/Index.cfm/ID/928903,Free,3D Model License: Standard,"3ds Max 2010 Default Scanline 2010, OBJ, 3D Studio","78,000 Polygons","42,900 Vertices",Yes,Yes,Yes,No
3D sofa model,1337981,https://www.turbosquid.com/FullPreview/Index.cfm/ID/1337981,Free,3D Model License: Standard,"3ds Max 2017 V-Ray 3.60.03, OBJ 2017, FBX 2017, 3D Studio 2017","361,776 Polygons","180,922 Vertices",Yes,Yes,Yes,No
3D Stellar Works Lunar model,1305340,https://www.turbosquid.com/FullPreview/Index.cfm/ID/1305340,Free,3D Model License: Standard,"3ds Max 2014 Corona 1.7, OBJ, FBX","366,516 Polygons","345,863 Vertices",Yes,Yes,Yes,Yes
Soft Sofa free 01,758576,https://www.turbosquid.com/FullPreview/Index.cfm/ID/758576,Free,3D Model License: Standard,"NATIVE3ds Max 2010 | V-Ray 1.50 SP4, OBJ, FBX","185,750 Polygons","187,310 Vertices",No,No,Yes,No
Aspen Armchair + Sofa,949055,https://www.turbosquid.com/FullPreview/Index.cfm/ID/949055,Free,3D Model License: Standard,"NATIVE3ds Max 2014 | V-Ray 3.20.03, OBJ, FBX, 3D Studio, DXF","100,974 Polygons","96,019 Vertices",Yes,Yes,Yes,Yes
Danish sofa 3D model,1041061,https://www.turbosquid.com/FullPreview/Index.cfm/ID/1041061,Free,3D Model License: Standard,NATIVE3ds Max 2016 | V-Ray 3.2.0,"628,350 Polygons","629,195 Vertices",Yes,Yes,Yes,Yes
Donghia Gramercy Sofa 2p - free,932816,https://www.turbosquid.com/FullPreview/Index.cfm/ID/932816,Free,3D Model License: Standard,"NATIVE3ds Max 2010 | V-Ray 2.30, 3ds Max 2010 Default Scanline, 3ds Max 2010 V-Ray 2.30, OBJ, FBX, 3D Studio","19,978 Polygons","20,006 Vertices",Yes,Yes,Yes,Yes
3D model sofa L shape,1199331,https://www.turbosquid.com/FullPreview/Index.cfm/ID/1199331,Free,3D Model License: Standard,NATIVE3ds Max  | V-Ray 3.6,"169,042 Polygons","97,251 Vertices",Yes,Yes,Yes,Yes
Blue Craft Sofa,1029088,https://www.turbosquid.com/FullPreview/Index.cfm/ID/1029088,Free,3D Model License: Standard,"NATIVE3ds Max 2014 | V-Ray 3.3, 3ds Max 2014 Corona 1.3, OBJ 2014, FBX 2014","434,496 Polygons","296,723 Vertices",Yes,Yes,Yes,Yes
Garden Sofa,732823,https://www.turbosquid.com/FullPreview/Index.cfm/ID/732823,Free,3D Model License: Standard,"3ds Max 2010 mental ray 2012, 3ds Max 2011 mental ray 2012, 3ds Max 2012 mental ray 2012","537,422 Polygons","288,364 Vertices",Yes,Yes,Yes,Yes
Modern Sofa,447095,https://www.turbosquid.com/FullPreview/Index.cfm/ID/447095,Free,3D Model License: Standard,"NATIVE3ds Max 2009 | V-Ray 1.50, OBJ","167,112 Polygons","83,950 Vertices",Yes,Yes,Yes,Yes
Couch,1088888,https://www.turbosquid.com/FullPreview/Index.cfm/ID/1088888,Free,3D Model License: Standard,OBJ,7 Polygons,7 Vertices,Yes,Yes,Yes,Yes
couch,640564,https://www.turbosquid.com/FullPreview/Index.cfm/ID/640564,Free,3D Model License: Standard,Cinema 4D 13 Advanced Render,"45,254 Polygons","22,655 Vertices",No,Yes,Yes,No
Sofa Hepburn Modular,928946,https://www.turbosquid.com/FullPreview/Index.cfm/ID/928946,Free,3D Model License: Standard,"3ds Max 2010 Default Scanline 2010, OBJ, 3D Studio","248,910 Polygons","150,475 Vertices",No,No,Yes,No
Sofa Model model,1262594,https://www.turbosquid.com/FullPreview/Index.cfm/ID/1262594,Free,3D Model License: Standard,"NATIVE3ds Max 2018 | V-Ray 3.6, OBJ 2018, FBX 2018","11,331 Polygons","6,685 Vertices",Yes,Yes,Yes,Yes
Couch and Chaise,368829,https://www.turbosquid.com/FullPreview/Index.cfm/ID/368829,Free,3D Model License: Standard,"OBJ, Cinema 4D 9.1, 3D Studio","49,668 Polygons",0 Vertices,Yes,Yes,Yes,No
"Living Room Table,Sofa , Chair",656424,https://www.turbosquid.com/FullPreview/Index.cfm/ID/656424,Free,3D Model License: Standard,"NATIVEMaya 2012 | mental ray 3,9, OBJ, Maya 2012 mental ray 3.9","2,890 Polygons","1,462 Vertices",No,Yes,Yes,No
DS-167 Sofa,832909,https://www.turbosquid.com/FullPreview/Index.cfm/ID/832909,Free,3D Model License: Standard,"3ds Max 2010 Default Scanline, OBJ, 3D Studio","66,728 Polygons","67,130 Vertices",Yes,Yes,Yes,No
Andy'13 Sofa B&B,929999,https://www.turbosquid.com/FullPreview/Index.cfm/ID/929999,Free,3D Model License: Standard,"3ds Max 2010 Default Scanline 2010, OBJ, 3D Studio","66,180 Polygons","54,832 Vertices",Yes,Yes,Yes,Yes
3D Hoop sofa 200,1181899,https://www.turbosquid.com/FullPreview/Index.cfm/ID/1181899,Free,3D Model License: Standard,"NATIVE3ds Max 2011 | V-Ray, FBX, SketchUp 8","33,002 Polygons","33,002 Vertices",Yes,Yes,Yes,Yes
Sofa 031,700013,https://www.turbosquid.com/FullPreview/Index.cfm/ID/700013,Free,3D Model License: Standard,"NATIVE3ds Max 2010 | V-Ray 2.0, OBJ, FBX, 3D Studio","2,959 Polygons","1,561 Vertices",No,Yes,Yes,Yes
Modern Sofa,631932,https://www.turbosquid.com/FullPreview/Index.cfm/ID/631932,Free,3D Model License: Standard,"3ds Max 2010 V-Ray 2.10, OBJ, FBX, 3D Studio","191,396 Polygons","133,646 Vertices",Yes,Yes,Yes,Yes
Fabric Couch,1079585,https://www.turbosquid.com/FullPreview/Index.cfm/ID/1079585,Free,3D Model License: Standard,NATIVE3ds Max 2017 | V-Ray 3.40.01,"253,394 Polygons","253,600 Vertices",Yes,Yes,Yes,Yes
luxury sofa,796135,https://www.turbosquid.com/FullPreview/Index.cfm/ID/796135,Free,3D Model License: Standard,3ds Max 11 V-Ray 2,"42,061 Polygons","41,552 Vertices",Yes,Yes,Yes,Yes
Sofa-Kit,778930,https://www.turbosquid.com/FullPreview/Index.cfm/ID/778930,Free,3D Model License: Standard,"OBJ, FBX","16,870 Polygons","17,314 Vertices",Yes,No,Yes,Yes
The Simple Leather and Wooden Couch 3D,1364505,https://www.turbosquid.com/FullPreview/Index.cfm/ID/1364505,Free,3D Model License: Standard,"NATIVE3ds Max 2019.2 | Corona 2.0, OBJ 2019.2, FBX 2019.2, IGES 2019.2, AutoCAD drawing 2019.2, 3D Studio 2019.2","10,800 Polygons","5,414 Vertices",Yes,Yes,Yes,No
M3 3-Seater 3D model,1185789,https://www.turbosquid.com/FullPreview/Index.cfm/ID/1185789,Free,3D Model License: Standard,"NATIVE3ds Max 2011 | V-Ray, FBX, SketchUp 8, 3D Studio","67,679 Polygons","67,679 Vertices",Yes,Yes,Yes,Yes
3D 3-Seat Sofa,1188390,https://www.turbosquid.com/FullPreview/Index.cfm/ID/1188390,Free,3D Model License: Standard,"NATIVE3ds Max 2011 | V-Ray, 3ds Max 2011 V-Ray, FBX, SketchUp 8","57,218 Polygons","57,218 Vertices",Yes,Yes,Yes,Yes
luxury sofa,796136,https://www.turbosquid.com/FullPreview/Index.cfm/ID/796136,Free,3D Model License: Standard,3ds Max 12 V-Ray 2,"33,094 Polygons","32,602 Vertices",Yes,Yes,Yes,Yes
Sofa FSV300,929148,https://www.turbosquid.com/FullPreview/Index.cfm/ID/929148,Free,3D Model License: Standard,"3ds Max 2010 Default Scanline 2010, OBJ, 3D Studio","118,876 Polygons","59,501 Vertices",No,No,Yes,No
Lino_Sofa.3DS,330282,https://www.turbosquid.com/FullPreview/Index.cfm/ID/330282,Free,3D Model License: Standard,"3ds Max 8, 3D Studio","5,176 Polygons",0 Vertices,No,No,Yes,No
Chair Double 3D model,1173009,https://www.turbosquid.com/FullPreview/Index.cfm/ID/1173009,Free,3D Model License: Standard,"NATIVE3ds Max 2011 | V-Ray, 3ds Max 2011 V-Ray, FBX, SketchUp 8, 3D Studio","24,670 Polygons","24,670 Vertices",Yes,Yes,Yes,Yes
DS-2070 Sofa,833066,https://www.turbosquid.com/FullPreview/Index.cfm/ID/833066,Free,3D Model License: Standard,"3ds Max 2010 Default Scanline, OBJ, 3D Studio","144,595 Polygons","144,666 Vertices",Yes,Yes,Yes,No
Sofa loveseat051_max,235304,https://www.turbosquid.com/FullPreview/Index.cfm/ID/235304,Free,3D Model License: Standard,3ds Max 3.0,"1,422 Polygons",728 Vertices,Yes,Yes,Yes,No
Doris Leslie Blau LLC,1075983,https://www.turbosquid.com/FullPreview/Index.cfm/ID/1075983,Free,3D Model License: Standard,"NATIVEBlender 2.77, OBJ, FBX 7.4 binary, Collada","127,690 Polygons","127,719 Vertices",No,No,Yes,No
Sofa Ruche Ligne Roset,928940,https://www.turbosquid.com/FullPreview/Index.cfm/ID/928940,Free,3D Model License: Standard,"3ds Max 2010 Default Scanline 2010, OBJ, 3D Studio","234,000 Polygons","235,102 Vertices",No,No,Yes,No
interior Sofa 3D model,1376422,https://www.turbosquid.com/FullPreview/Index.cfm/ID/1376422,Free,3D Model License: Standard,FBX,"2,400 Polygons","12,000 Vertices",Yes,No,Yes,Yes
Green sofa,1032039,https://www.turbosquid.com/FullPreview/Index.cfm/ID/1032039,Free,3D Model License: Standard,3ds Max 2015 V-Ray 3.00.08,"3,188 Polygons","3,658 Vertices",Yes,Yes,Yes,No
Sofa,1015498,https://www.turbosquid.com/FullPreview/Index.cfm/ID/1015498,Free,3D Model License: Standard,"NATIVEBlender, OBJ, FBX, Unreal","2,008 Polygons","2,032 Vertices",Yes,Yes,Yes,Yes
Sofa,895356,https://www.turbosquid.com/FullPreview/Index.cfm/ID/895356,Free,3D Model License: Standard,"OBJ, Blender","4,480 Polygons","4,594 Vertices",No,No,Yes,No
sante sofa,422338,https://www.turbosquid.com/FullPreview/Index.cfm/ID/422338,Free,3D Model License: Standard,"Cinema 4D c4d, 3D Studio 3ds","53,516 Polygons",0 Vertices,Yes,Yes,Yes,No
Sofa Malibu,1044158,https://www.turbosquid.com/FullPreview/Index.cfm/ID/1044158,Free,3D Model License: Standard,"NATIVE3ds Max 2009 | V-Ray 1.5SP2, OBJ, 3D Studio","9,959 Polygons","9,777 Vertices",Yes,Yes,Yes,Yes
White sofa,1121815,https://www.turbosquid.com/FullPreview/Index.cfm/ID/1121815,Free,3D Model License: Standard,"3ds Max 2014 V-Ray 3.00.03, OBJ 2014, FBX","296,560 Polygons","148,562 Vertices",No,No,Yes,No
Sofa sets....,354094,https://www.turbosquid.com/FullPreview/Index.cfm/ID/354094,Free,3D Model License: Standard,3ds Max 9,0 Polygons,0 Vertices,No,Yes,Yes,No
Franz Fertig Sofabed Intro,967284,https://www.turbosquid.com/FullPreview/Index.cfm/ID/967284,Free,3D Model License: Standard,"NATIVE3ds Max 2015 | Other Corona, FBX 2015","198,112 Polygons","99,086 Vertices",No,Yes,Yes,No
Living room set FLV301,927779,https://www.turbosquid.com/FullPreview/Index.cfm/ID/927779,Free,3D Model License: Standard,"3ds Max 2010, OBJ, 3D Studio","777,754 Polygons","478,963 Vertices",No,No,Yes,No
Sofa,783729,https://www.turbosquid.com/FullPreview/Index.cfm/ID/783729,Free,3D Model License: Standard,"3ds Max 2012, OBJ, FBX","174,488 Polygons","88,064 Vertices",Yes,Yes,Yes,No
Sofa collection CIRRUS by DIZAJNO,745301,https://www.turbosquid.com/FullPreview/Index.cfm/ID/745301,Free,3D Model License: Standard,3ds Max 2012 V-Ray,"33,700 Polygons","27,717 Vertices",Yes,Yes,Yes,Yes
suite,394526,https://www.turbosquid.com/FullPreview/Index.cfm/ID/394526,Free,3D Model License: Standard,Cinema 4D R10,1 Polygons,1 Vertices,Yes,Yes,Yes,No
subdivided lowpoly1 sofa,355986,https://www.turbosquid.com/FullPreview/Index.cfm/ID/355986,Free,3D Model License: Standard,"3ds Max 7, 3ds Max 7vray, OBJ, 3D Studio, DXF","13,405 Polygons","13,549 Vertices",No,Yes,Yes,No
Sofa HollyWood,1054080,https://www.turbosquid.com/FullPreview/Index.cfm/ID/1054080,Free,3D Model License: Standard,"NATIVE3ds Max 2009 | V-Ray 1.5SP2, OBJ, 3D Studio","19,820 Polygons","18,536 Vertices",Yes,Yes,Yes,Yes
Modern Sofa,869781,https://www.turbosquid.com/FullPreview/Index.cfm/ID/869781,Free,3D Model License: Standard,NATIVE3ds Max 2012 | V-Ray 3.0,"430,605 Polygons","215,328 Vertices",Yes,Yes,Yes,Yes
3D Snowdonia Large Settee,1176578,https://www.turbosquid.com/FullPreview/Index.cfm/ID/1176578,Free,3D Model License: Standard,"NATIVE3ds Max 2011 | V-Ray, FBX, SketchUp 8, 3D Studio","4,888 Polygons","4,888 Vertices",Yes,Yes,Yes,Yes
luxurysofa,796133,https://www.turbosquid.com/FullPreview/Index.cfm/ID/796133,Free,3D Model License: Standard,3ds Max 11 V-Ray 2,"31,463 Polygons","33,832 Vertices",Yes,Yes,Yes,No
Classic sofa,816865,https://www.turbosquid.com/FullPreview/Index.cfm/ID/816865,Free,3D Model License: Standard,"NATIVE3ds Max 2012 | V-Ray 2.00.03, OBJ, FBX, 3D Studio","112,000 Polygons","56,000 Vertices",No,Yes,Yes,No
22.max,408629,https://www.turbosquid.com/FullPreview/Index.cfm/ID/408629,Free,3D Model License: Standard,3ds Max 3ds,"1,000 Polygons","1,000 Vertices",No,No,Yes,No
sofa 3D,1366084,https://www.turbosquid.com/FullPreview/Index.cfm/ID/1366084,Free,3D Model License: Standard,3ds Max 2017 Corona,882 Polygons,"884,522 Vertices",No,No,Yes,Yes
Sofa,928787,https://www.turbosquid.com/FullPreview/Index.cfm/ID/928787,Free,3D Model License: Standard,"NATIVE3ds Max 2014 | V-Ray 3.60.03, OBJ, FBX","18,404 Polygons","18,460 Vertices",Yes,Yes,Yes,Yes
Space Invaders Couch,735552,https://www.turbosquid.com/FullPreview/Index.cfm/ID/735552,Free,3D Model License: Standard,"NATIVEBlender 2.66 | Blender Render, 3ds Max 7 Default Scanline, OBJ, FBX, 3D Studio, DXF, VRML","4,256 Polygons","3,769 Vertices",No,Yes,Yes,No
3D Sofa model,1331241,https://www.turbosquid.com/FullPreview/Index.cfm/ID/1331241,Free,3D Model License: Standard,NATIVEBlender 2.79 | Cycles Render,3 Polygons,"228,370 Vertices",No,No,Yes,No
Generic Sofa Variety Pack 3D model,1213879,https://www.turbosquid.com/FullPreview/Index.cfm/ID/1213879,Free,3D Model License: Standard,OBJ 1.0,"15,024 Polygons","13,838 Vertices",Yes,Yes,Yes,Yes
Sofa Phoenix,992205,https://www.turbosquid.com/FullPreview/Index.cfm/ID/992205,Free,3D Model License: Standard,"NATIVE3ds Max 2012 | V-Ray, 3ds Max 2010 V-Ray, OBJ, FBX","18,402 Polygons","11,968 Vertices",Yes,Yes,Yes,No
Sofa,955591,https://www.turbosquid.com/FullPreview/Index.cfm/ID/955591,Free,3D Model License: Standard,"3ds Max  mental ray 2016, OBJ, FBX, 3D Studio, Shockwave 3D","12,856 Polygons","12,889 Vertices",Yes,Yes,Yes,Yes
SPENCER SOFA GUS MODERN,928203,https://www.turbosquid.com/FullPreview/Index.cfm/ID/928203,Free,3D Model License: Standard,"3ds Max 2010 Default Scanline 2010, OBJ, 3D Studio","436,000 Polygons","227,174 Vertices",No,No,Yes,No
Bantam_Sofa.3DS,330264,https://www.turbosquid.com/FullPreview/Index.cfm/ID/330264,Free,3D Model License: Standard,"3ds Max 8, 3D Studio","22,181 Polygons",0 Vertices,No,No,Yes,No
Sofa Group,190504,https://www.turbosquid.com/FullPreview/Index.cfm/ID/190504,Free,3D Model License: Standard,3ds Max 4.00,"42,053 Polygons","21,993 Vertices",Yes,Yes,Yes,No
3D Sofa LannaStyleV1,1309633,https://www.turbosquid.com/FullPreview/Index.cfm/ID/1309633,Free,3D Model License: Standard,NATIVEMaya 2018 | Arnold 2018,"154,548 Polygons","154,933 Vertices",Yes,Yes,Yes,Yes
Sofa,847212,https://www.turbosquid.com/FullPreview/Index.cfm/ID/847212,Free,3D Model License: Standard,NATIVE3ds Max 2011 | Default Scanline,"2,000 Polygons","2,000 Vertices",No,No,Yes,Yes
Sofa Belem Ligne Roset,928860,https://www.turbosquid.com/FullPreview/Index.cfm/ID/928860,Free,3D Model License: Standard,"3ds Max 2010 Default Scanline 2010, OBJ, 3D Studio","21,000 Polygons","11,550 Vertices",No,No,Yes,No
Couch 01,474580,https://www.turbosquid.com/FullPreview/Index.cfm/ID/474580,Free,3D Model License: Standard,"NATIVE3ds Max 2012 | V-Ray 3.30, 3ds Max 2012 mental ray, OBJ, Cinema 4D R16 V-Ray 3.4","17,178 Polygons","17,340 Vertices",Yes,Yes,Yes,Yes
3D model Sofa Set 01,1350536,https://www.turbosquid.com/FullPreview/Index.cfm/ID/1350536,Free,3D Model License: Standard,NATIVE3ds Max 2017 | V-Ray 3.40,"86,778 Polygons","45,140 Vertices",Yes,Yes,Yes,Yes
Sofa,591402,https://www.turbosquid.com/FullPreview/Index.cfm/ID/591402,Free,3D Model License: Standard,"OBJ, Lightwave 9.6, DXF, 3D Studio","9,523 Polygons","9,362 Vertices",Yes,Yes,Yes,No
3D Outdoor Sofa Set model,1328691,https://www.turbosquid.com/FullPreview/Index.cfm/ID/1328691,Free,3D Model License: Standard,OBJ,3 Polygons,16 Vertices,Yes,No,Yes,No
Low poly Sofa in 3 colors,952590,https://www.turbosquid.com/FullPreview/Index.cfm/ID/952590,Free,3D Model License: Standard,"NATIVEMaya 2014 | mental ray, Maya 2014 mental ray",11 Polygons,1 Vertices,Yes,Yes,Yes,No
boss adda,165566,https://www.turbosquid.com/FullPreview/Index.cfm/ID/165566,Free,3D Model License: Standard,"3ds Max, Lightwave 5.60",0 Polygons,0 Vertices,Yes,Yes,Yes,No
Sofa and armchair set,1121070,https://www.turbosquid.com/FullPreview/Index.cfm/ID/1121070,Free,3D Model License: Standard,"NATIVE3ds Max 2017 | V-Ray 3.40, 3ds Max 2014 V-Ray 3.40, OBJ, FBX","93,000 Polygons","60,000 Vertices",Yes,Yes,Yes,Yes
Sofa Set,726727,https://www.turbosquid.com/FullPreview/Index.cfm/ID/726727,Free,3D Model License: Standard,3ds Max 1.0 V-Ray,"11,634 Polygons","10,327 Vertices",No,No,Yes,No
Sofa 038 Clein,329743,https://www.turbosquid.com/FullPreview/Index.cfm/ID/329743,Free,3D Model License: Standard,"NATIVE3ds Max 6 | V-Ray, 3D Studio","9,934 Polygons","5,353 Vertices",Yes,Yes,Yes,Yes
Denim sofa 3D model,1334588,https://www.turbosquid.com/FullPreview/Index.cfm/ID/1334588,Free,3D Model License: Standard,"NATIVE3ds Max 2016 | V-Ray, OBJ, FBX, 3D Studio, Collada, AutoCAD drawing, DXF, Pulse, STL, Shockwave 3D, VRML","30,060 Polygons","30,073 Vertices",Yes,Yes,Yes,Yes
Simple Sofa,1075126,https://www.turbosquid.com/FullPreview/Index.cfm/ID/1075126,Free,3D Model License: Standard,"NATIVE3ds Max 2016 | V-Ray, 3ds Max 2015 V-Ray, 3ds Max 2014 V-Ray, 3ds Max 2013 V-Ray, OBJ, FBX, 3D Studio","107,570 Polygons","61,905 Vertices",No,No,Yes,Yes
Sofa,808675,https://www.turbosquid.com/FullPreview/Index.cfm/ID/808675,Free,3D Model License: Standard,"NATIVE3ds Max 2014 | V-Ray 2.4, OBJ, FBX, 3D Studio","10,465 Polygons","10,400 Vertices",Yes,Yes,Yes,Yes
Cool Sphere Couch,521581,https://www.turbosquid.com/FullPreview/Index.cfm/ID/521581,Free,3D Model License: Standard,3ds Max 2010,0 Polygons,0 Vertices,Yes,Yes,Yes,No
3D Sofa Gispen,1303004,https://www.turbosquid.com/FullPreview/Index.cfm/ID/1303004,Free,3D Model License: Standard,Cinema 4D 18,576 Polygons,234 Vertices,No,Yes,Yes,No
CANASTA '13 sofa,940718,https://www.turbosquid.com/FullPreview/Index.cfm/ID/940718,Free,3D Model License: Standard,"3ds Max 2010 Default Scanline 2010, OBJ, 3D Studio","35,640 Polygons","37,560 Vertices",Yes,Yes,Yes,Yes
Concept furniture set,868428,https://www.turbosquid.com/FullPreview/Index.cfm/ID/868428,Free,3D Model License: Standard,"NATIVE3ds Max 2011 | V-Ray 3, OBJ, FBX, 3D Studio","49,828 Polygons","50,148 Vertices",Yes,Yes,Yes,Yes
S Sofa,656925,https://www.turbosquid.com/FullPreview/Index.cfm/ID/656925,Free,3D Model License: Standard,"NATIVE3ds Max 2009 | V-Ray 2.10.01, OBJ, 3D Studio","20,092 Polygons","10,064 Vertices",Yes,Yes,Yes,Yes
3D Sofa model,1150689,https://www.turbosquid.com/FullPreview/Index.cfm/ID/1150689,Free,3D Model License: Standard,NATIVE3ds Max 2014 | V-Ray 2.40.04,"7,584 Polygons","7,666 Vertices",No,Yes,Yes,No
Sofa luxury leather for cafe,982567,https://www.turbosquid.com/FullPreview/Index.cfm/ID/982567,Free,3D Model License: Standard,"NATIVE3ds Max 2011 | V-Ray 3.0, OBJ, FBX, 3D Studio","5,840 Polygons","5,130 Vertices",Yes,Yes,Yes,Yes
Couch,925999,https://www.turbosquid.com/FullPreview/Index.cfm/ID/925999,Free,3D Model License: Standard,"OBJ 2013, Maya 2013 mental ray 2013, FBX 2013","11,448 Polygons","11,666 Vertices",No,Yes,Yes,No
2 sofas & 1 arm-chair,295907,https://www.turbosquid.com/FullPreview/Index.cfm/ID/295907,Free,3D Model License: Standard,DXF,"7,000 Polygons",0 Vertices,No,No,Yes,Yes
Sofa,759234,https://www.turbosquid.com/FullPreview/Index.cfm/ID/759234,Free,3D Model License: Standard,"OBJ, FBX, Blender, 3D Studio","6,624 Polygons","6,654 Vertices",Yes,Yes,Yes,Yes
Dirty Old Couch 3D model,1384995,https://www.turbosquid.com/FullPreview/Index.cfm/ID/1384995,Free,3D Model License: Standard,,"2,536 Polygons","2,571 Vertices",Yes,Yes,Yes,Yes
Sofa red plastic-jeans 3D,1333804,https://www.turbosquid.com/FullPreview/Index.cfm/ID/1333804,Free,3D Model License: Standard,"NATIVE3ds Max 2016 | V-Ray, OBJ, FBX, 3D Studio, Collada, AutoCAD drawing, DXF, Pulse, STL, Shockwave 3D, VRML","26,500 Polygons","26,450 Vertices",Yes,Yes,Yes,Yes
3D model Couch,1284594,https://www.turbosquid.com/FullPreview/Index.cfm/ID/1284594,Free,3D Model License: Standard,"NATIVE3ds Max 2018 | Arnold, OBJ 2018","398,856 Polygons","402,010 Vertices",No,No,Yes,No
Sofa (Revit 2012 with materials and dimensions parameters),806005,https://www.turbosquid.com/FullPreview/Index.cfm/ID/806005,Free,3D Model License: Standard,Revit Family 2012,100 Polygons,100 Vertices,Yes,Yes,Yes,No
Wave concrete sofa,701101,https://www.turbosquid.com/FullPreview/Index.cfm/ID/701101,Free,3D Model License: Standard,Cinema 4D R12 Advanced Render,0 Polygons,0 Vertices,Yes,Yes,Yes,No
Orange sofa,333405,https://www.turbosquid.com/FullPreview/Index.cfm/ID/333405,Free,3D Model License: Standard,3D Studio,0 Polygons,0 Vertices,No,No,Yes,No
Sofa,951680,https://www.turbosquid.com/FullPreview/Index.cfm/ID/951680,Free,3D Model License: Standard,"OBJ, FBX, 3D Studio","10,950 Polygons","7,399 Vertices",Yes,Yes,Yes,No
Sofa Couch,401149,https://www.turbosquid.com/FullPreview/Index.cfm/ID/401149,Free,3D Model License: Standard,3ds Max,"1,290 Polygons",0 Vertices,Yes,No,Yes,No
simple sofa,822620,https://www.turbosquid.com/FullPreview/Index.cfm/ID/822620,Free,3D Model License: Standard,"OBJ, 3D Studio","10,364 Polygons","5,194 Vertices",No,Yes,Yes,No
Sofa,1095758,https://www.turbosquid.com/FullPreview/Index.cfm/ID/1095758,Free,3D Model License: Standard,3D Studio 2016,"230,000 Polygons",130 Vertices,No,No,Yes,No
Divano.max,395622,https://www.turbosquid.com/FullPreview/Index.cfm/ID/395622,Free,3D Model License: Standard,3ds Max,0 Polygons,0 Vertices,No,No,Yes,No
Sling_Sofa.3DS,330285,https://www.turbosquid.com/FullPreview/Index.cfm/ID/330285,Free,3D Model License: Standard,"3ds Max 8, 3D Studio","8,628 Polygons",0 Vertices,No,No,Yes,No
garden sofa,673700,https://www.turbosquid.com/FullPreview/Index.cfm/ID/673700,Free,3D Model License: Standard,3ds Max 2011 V-Ray,"12,784 Polygons","16,138 Vertices",No,No,Yes,No
SOFA MAX,441736,https://www.turbosquid.com/FullPreview/Index.cfm/ID/441736,Free,3D Model License: Standard,3ds Max 8.0,0 Polygons,0 Vertices,Yes,Yes,Yes,No
Waiting bench / Leather SOFA 3D,1313865,https://www.turbosquid.com/FullPreview/Index.cfm/ID/1313865,Free,3D Model License: Standard,"NATIVE3ds Max 2016 | V-Ray 3.40, OBJ, FBX","18,857 Polygons","20,216 Vertices",Yes,Yes,Yes,Yes
Stylish Couch 3D model,1168369,https://www.turbosquid.com/FullPreview/Index.cfm/ID/1168369,Free,3D Model License: Standard,"NATIVE3ds Max 2018 | Default Scanline, OBJ, FBX, 3D Studio","300,752 Polygons","154,129 Vertices",Yes,Yes,Yes,No
sofa.c4d,326779,https://www.turbosquid.com/FullPreview/Index.cfm/ID/326779,Free,3D Model License: Standard,Cinema 4D,931 Polygons,0 Vertices,No,Yes,Yes,No
Classical Sofa 3D model,1328687,https://www.turbosquid.com/FullPreview/Index.cfm/ID/1328687,Free,3D Model License: Standard,,6 Polygons,6 Vertices,Yes,No,Yes,No
Armchair,1115271,https://www.turbosquid.com/FullPreview/Index.cfm/ID/1115271,Free,3D Model License: Standard,"3ds Max 2016 Default Scanline, 3ds Max 2013 Default Scanline, 3ds Max 2014 Default Scanline, 3ds Max 2015 Default Scanline, OBJ, FBX","118,280 Polygons","59,162 Vertices",No,No,Yes,No
Sofa collection FLORA by DIZAJNO,745452,https://www.turbosquid.com/FullPreview/Index.cfm/ID/745452,Free,3D Model License: Standard,3ds Max 2012 V-Ray,"38,000 Polygons","36,893 Vertices",Yes,Yes,Yes,Yes
Couch model,1384077,https://www.turbosquid.com/FullPreview/Index.cfm/ID/1384077,Free,3D Model License: Standard,NATIVE3ds Max 2016 | V-Ray 3.5,"5,536 Polygons","5,538 Vertices",Yes,Yes,Yes,Yes
Free sofa low poly 3D model,1385084,https://www.turbosquid.com/FullPreview/Index.cfm/ID/1385084,Free,3D Model License: Standard,FBX,429 Polygons,459 Vertices,No,No,Yes,No
Wood sofa 3D model,1324072,https://www.turbosquid.com/FullPreview/Index.cfm/ID/1324072,Free,3D Model License: Standard,OBJ,1 Polygons,8 Vertices,No,No,Yes,No
Sofa 3D,1324059,https://www.turbosquid.com/FullPreview/Index.cfm/ID/1324059,Free,3D Model License: Standard,OBJ,1 Polygons,4 Vertices,No,No,Yes,No
sofa - Decorative Lines,502151,https://www.turbosquid.com/FullPreview/Index.cfm/ID/502151,Free,3D Model License: Standard,,"140,000 Polygons","140,000 Vertices",No,Yes,Yes,No
modern_chair,340186,https://www.turbosquid.com/FullPreview/Index.cfm/ID/340186,Free,3D Model License: Standard,3ds Max 9,0 Polygons,0 Vertices,Yes,Yes,Yes,No
Sofa kaki.skp,333188,https://www.turbosquid.com/FullPreview/Index.cfm/ID/333188,Free,3D Model License: Standard,,0 Polygons,0 Vertices,No,No,Yes,No
sofa,974701,https://www.turbosquid.com/FullPreview/Index.cfm/ID/974701,Free,3D Model License: Standard,NATIVE3ds Max 2012 | mental ray,"5,259 Polygons","2,585 Vertices",Yes,No,Yes,No
Sofa - Game Model,548586,https://www.turbosquid.com/FullPreview/Index.cfm/ID/548586,Free,3D Model License: Standard,3ds Max 8,270 Polygons,164 Vertices,Yes,Yes,Yes,Yes
Sofa.skp,333193,https://www.turbosquid.com/FullPreview/Index.cfm/ID/333193,Free,3D Model License: Standard,,0 Polygons,0 Vertices,No,No,Yes,No
Sofa,1020705,https://www.turbosquid.com/FullPreview/Index.cfm/ID/1020705,Free,3D Model License: Standard,"OBJ, FBX, 3D Studio","2,100 Polygons","1,072 Vertices",Yes,Yes,Yes,Yes
Victorian Loveseat,950775,https://www.turbosquid.com/FullPreview/Index.cfm/ID/950775,Free,3D Model License: Standard,OBJ,"2,054 Polygons","2,275 Vertices",No,No,Yes,No
large red sofa,661734,https://www.turbosquid.com/FullPreview/Index.cfm/ID/661734,Free,3D Model License: Standard,"NATIVE3ds Max 9 | Default Scanline, OBJ, 3D Studio","32,162 Polygons","21,701 Vertices",Yes,Yes,Yes,Yes
"Sala, room",535445,https://www.turbosquid.com/FullPreview/Index.cfm/ID/535445,Free,3D Model License: Standard,Maya,0 Polygons,0 Vertices,No,No,Yes,No
sofas,207124,https://www.turbosquid.com/FullPreview/Index.cfm/ID/207124,Free,3D Model License: Standard,3ds Max 4.26,0 Polygons,0 Vertices,No,No,Yes,No
Victorian Couch,950762,https://www.turbosquid.com/FullPreview/Index.cfm/ID/950762,Free,3D Model License: Standard,OBJ,"5,810 Polygons","6,102 Vertices",No,No,Yes,No
leather chair,718040,https://www.turbosquid.com/FullPreview/Index.cfm/ID/718040,Free,3D Model License: Standard,"3ds Max 2013, FBX 2013",185 Polygons,242 Vertices,Yes,No,Yes,No
3D sofa round,1218619,https://www.turbosquid.com/FullPreview/Index.cfm/ID/1218619,Free,3D Model License: Standard,"NATIVE3ds Max 2015 | mental ray, 3ds Max 2012 mental ray, OBJ, FBX, 3D Studio, DXF",490 Polygons,601 Vertices,No,No,Yes,No
3D Fellow Sofa,1183120,https://www.turbosquid.com/FullPreview/Index.cfm/ID/1183120,Free,3D Model License: Standard,"NATIVE3ds Max 2011 | V-Ray, FBX, SketchUp 8",0 Polygons,0 Vertices,Yes,Yes,Yes,Yes
Low Poly Basic Sofa,1003554,https://www.turbosquid.com/FullPreview/Index.cfm/ID/1003554,Free,3D Model License: Standard,"NATIVEBlender 1 | Blender Render, FBX 1","8,592 Polygons","4,316 Vertices",No,Yes,Yes,No
3D model Sofa and bed with pillows,1201915,https://www.turbosquid.com/FullPreview/Index.cfm/ID/1201915,Free,3D Model License: Standard,"OBJ 2017, Maya 2017 Other 2017, FBX 2017","683,776 Polygons","685,239 Vertices",No,Yes,Yes,No
Destan_Seat_0002,964497,https://www.turbosquid.com/FullPreview/Index.cfm/ID/964497,Free,3D Model License: Standard,NATIVE3ds Max 2015 | V-Ray 3,"25,653 Polygons","36,524 Vertices",Yes,Yes,Yes,No
Modern Couch,631241,https://www.turbosquid.com/FullPreview/Index.cfm/ID/631241,Free,3D Model License: Standard,"NATIVE3ds Max 10 | mental ray, FBX, 3D Studio","9,902 Polygons","5,167 Vertices",Yes,Yes,Yes,No
Sofa,322934,https://www.turbosquid.com/FullPreview/Index.cfm/ID/322934,Free,3D Model License: Standard,3ds Max,0 Polygons,0 Vertices,No,No,Yes,No
sofa max3ds.exe,231741,https://www.turbosquid.com/FullPreview/Index.cfm/ID/231741,Free,3D Model License: Standard,3ds Max 5.0,"12,000 Polygons",0 Vertices,No,Yes,Yes,No
Leather Sofa,923288,https://www.turbosquid.com/FullPreview/Index.cfm/ID/923288,Free,3D Model License: Standard,3ds Max 2010 V-Ray,"31,712 Polygons","19,420 Vertices",Yes,Yes,Yes,No
couch,823044,https://www.turbosquid.com/FullPreview/Index.cfm/ID/823044,Free,3D Model License: Standard,OBJ,"10,076 Polygons","5,098 Vertices",No,No,Yes,Yes
Modern living room set,316302,https://www.turbosquid.com/FullPreview/Index.cfm/ID/316302,Free,3D Model License: Standard,3ds Max 8.0,"21,442 Polygons","7,850 Vertices",Yes,Yes,Yes,No
Sofa easy021_max,230776,https://www.turbosquid.com/FullPreview/Index.cfm/ID/230776,Free,3D Model License: Standard,3ds Max 3.0,"1,180 Polygons",606 Vertices,Yes,Yes,Yes,No
3D model Living room,1239342,https://www.turbosquid.com/FullPreview/Index.cfm/ID/1239342,Free,3D Model License: Standard,Cinema 4D R18 Other R18,"4,383 Polygons","4,394 Vertices",No,Yes,Yes,No
canapea,1029639,https://www.turbosquid.com/FullPreview/Index.cfm/ID/1029639,Free,3D Model License: Standard,,1 Polygons,1 Vertices,No,Yes,Yes,No
sitting room,861115,https://www.turbosquid.com/FullPreview/Index.cfm/ID/861115,Free,3D Model License: Standard,NATIVE3ds Max 2013 | mental ray,"230,928 Polygons","122,425 Vertices",Yes,Yes,Yes,No
Sofa,828208,https://www.turbosquid.com/FullPreview/Index.cfm/ID/828208,Free,3D Model License: Standard,3D Studio 12.0,"3,304 Polygons","20,853 Vertices",No,No,Yes,No
sofa,699936,https://www.turbosquid.com/FullPreview/Index.cfm/ID/699936,Free,3D Model License: Standard,NATIVE3ds Max 11 | V-Ray 1.50,"14,846 Polygons","7,703 Vertices",Yes,No,Yes,No
Couch,585370,https://www.turbosquid.com/FullPreview/Index.cfm/ID/585370,Free,3D Model License: Standard,3ds Max 2011,0 Polygons,0 Vertices,No,Yes,Yes,Yes
Sofa,414518,https://www.turbosquid.com/FullPreview/Index.cfm/ID/414518,Free,3D Model License: Standard,"OBJ, Lightwave, 3D Studio",0 Polygons,0 Vertices,No,No,Yes,No
sofa,745838,https://www.turbosquid.com/FullPreview/Index.cfm/ID/745838,Free,3D Model License: Standard,NATIVE3ds Max 2013 | V-Ray,"44,756 Polygons","22,386 Vertices",No,No,Yes,No
Sofa,666282,https://www.turbosquid.com/FullPreview/Index.cfm/ID/666282,Free,3D Model License: Standard,NATIVE3ds Max 2009 | V-Ray 2.0,112 Polygons,97 Vertices,No,Yes,Yes,No
sofa,612840,https://www.turbosquid.com/FullPreview/Index.cfm/ID/612840,Free,3D Model License: Standard,3ds Max 2012,0 Polygons,0 Vertices,Yes,No,Yes,No
Sofa.max,342179,https://www.turbosquid.com/FullPreview/Index.cfm/ID/342179,Free,3D Model License: Standard,3ds Max 8.0,"4,572 Polygons","2,314 Vertices",Yes,Yes,Yes,No
Leather Sofa Armchair 3D model,2066086,https://www.turbosquid.com/FullPreview/Index.cfm/ID/2066086,Free,3D Model License: Standard,"NATIVECinema 4D R21 | V-Ray 3.7, OBJ, FBX, 3D Studio",262 Polygons,137 Vertices,Yes,Yes,Yes,Yes
Sofa model,2045009,https://www.turbosquid.com/FullPreview/Index.cfm/ID/2045009,Free,3D Model License: Standard,"NATIVE3ds Max 2021 | V-Ray 6, OBJ 2021","415,310 Polygons","209,508 Vertices",Yes,Yes,Yes,No
Salzbourg 3D,2043793,https://www.turbosquid.com/FullPreview/Index.cfm/ID/2043793,Free,3D Model License: Standard,NATIVE3ds Max 2021 | V-Ray 6,"415,310 Polygons","209,508 Vertices",Yes,Yes,Yes,Yes
3D model couch,2037667,https://www.turbosquid.com/FullPreview/Index.cfm/ID/2037667,Free,3D Model License: Standard,NATIVEBlender 3.4 | EEVEE Renderer,614 Polygons,614 Vertices,Yes,No,Yes,No
3D Couch  Armcair  Pouffe,2029684,https://www.turbosquid.com/FullPreview/Index.cfm/ID/2029684,Free,3D Model License: Standard,"NATIVEBlender 3.0 | Cycles Render 3.4, OBJ, FBX, Collada, STL, DirectX","80,362 Polygons","80,697 Vertices",Yes,Yes,Yes,No
3D Se Beetley Sofa model,2021576,https://www.turbosquid.com/FullPreview/Index.cfm/ID/2021576,Free,3D Model License: Standard,"NATIVEBlender 3.3.1 | Cycles Render, OBJ, FBX",649 Polygons,649 Vertices,Yes,Yes,Yes,No
Simpsons Piano Room Couch model,2017180,https://www.turbosquid.com/FullPreview/Index.cfm/ID/2017180,Free,3D Model License: Standard,"NATIVEBlender 3.0 | Cycles Render, OBJ, FBX","31,000 Polygons","31,000 Vertices",Yes,Yes,Yes,Yes
Simpsons TV Room Couch 3D model,2016936,https://www.turbosquid.com/FullPreview/Index.cfm/ID/2016936,Free,3D Model License: Standard,"NATIVEBlender 3.0 | Cycles Render, OBJ, FBX","11,000 Polygons","11,000 Vertices",Yes,Yes,Yes,Yes
Hans Hollein MITZI sofa model,1995720,https://www.turbosquid.com/FullPreview/Index.cfm/ID/1995720,Free,3D Model License: Standard,"3ds Max 2017 Corona 5, OBJ, FBX","12,058 Polygons","11,976 Vertices",Yes,Yes,Yes,Yes
3D model MinimalistSofa,1988007,https://www.turbosquid.com/FullPreview/Index.cfm/ID/1988007,Free,3D Model License: Standard,"NATIVEBlender 3.3.1 | Cycles Render 3.3.1, FBX 3.3.1, Collada 3.3.1","4,429 Polygons","4,602 Vertices",Yes,Yes,Yes,Yes
3D Sofa Lauren model,1973837,https://www.turbosquid.com/FullPreview/Index.cfm/ID/1973837,Free,3D Model License: Standard,"NATIVE3ds Max 2017 | Corona 6, OBJ, FBX, 3D Studio","6,034 Polygons","6,409 Vertices",Yes,Yes,Yes,Yes
Shapespark example room model,1964014,https://www.turbosquid.com/FullPreview/Index.cfm/ID/1964014,Free,3D Model License: Standard,"NATIVEBlender 3.2.2 | EEVEE Renderer, FBX, glTF","668,078 Polygons","600,299 Vertices",Yes,Yes,Yes,Yes
Pink Couch model,1963842,https://www.turbosquid.com/FullPreview/Index.cfm/ID/1963842,Free,3D Model License: Standard,"NATIVEBlender 3.2 | Blender Render, OBJ, FBX, glTF, STL, 3D Studio","30,856 Polygons","30,992 Vertices",No,Yes,Yes,No
wood sofa 3D,1953973,https://www.turbosquid.com/FullPreview/Index.cfm/ID/1953973,Free,3D Model License: Standard,"NATIVEBlender 3.0 | EEVEE Renderer, OBJ, Maya 2023 Arnold, FBX, STL, USD 2023 Omniverse",364 Polygons,361 Vertices,Yes,Yes,Yes,Yes
Sofa202 model,1945169,https://www.turbosquid.com/FullPreview/Index.cfm/ID/1945169,Free,3D Model License: Standard,"3ds Max 2020 V-Ray 6.00.06, OBJ, Cinema 4D R26.107 V-Ray, FBX, Blender 3.2.2 Cycles Render, 3D Studio, Collada, AutoCAD drawing, glTF, DXF, IGES, STL, VRML, ZBrush 2022 Other","43,114 Polygons","43,635 Vertices",Yes,Yes,Yes,Yes
Curved Sofa model,1943035,https://www.turbosquid.com/FullPreview/Index.cfm/ID/1943035,Free,3D Model License: Standard,"NATIVE3ds Max 2020 | V-Ray 6.00.06, OBJ, Cinema 4D R26.107 V-Ray 5.20.06, FBX, Blender 3.2.2 Blender Render, 3D Studio, glTF, Collada, AutoCAD drawing, DXF, IGES, STL, ZBrush 2022 Other, VRML","69,840 Polygons","71,220 Vertices",Yes,Yes,Yes,Yes
3D Chesterfield model,1941774,https://www.turbosquid.com/FullPreview/Index.cfm/ID/1941774,Free,3D Model License: Standard,"3ds Max 2022 Corona 6, 3ds Max 2019 Corona 6, OBJ, FBX",265 Polygons,266 Vertices,Yes,Yes,Yes,Yes
Modern Sofa 3D model,1928789,https://www.turbosquid.com/FullPreview/Index.cfm/ID/1928789,Free,3D Model License: Standard,"3ds Max 2017 Corona 8, OBJ, FBX, 3D Studio","759,775 Polygons","756,452 Vertices",Yes,Yes,Yes,Yes
3D model sofa,1917684,https://www.turbosquid.com/FullPreview/Index.cfm/ID/1917684,Free,3D Model License: Standard,"Cinema 4D R19 Advanced Render 19.024, FBX 7.5",10 Polygons,10 Vertices,Yes,Yes,Yes,No
Modern Chesterfield Sofa 3D model,1909339,https://www.turbosquid.com/FullPreview/Index.cfm/ID/1909339,Free,3D Model License: Standard,"NATIVE3ds Max 2017 | Corona Corona6, 3D Studio","1,738,876 Polygons","1,510,591 Vertices",Yes,Yes,Yes,Yes
Modern Sofa 3D model,1906601,https://www.turbosquid.com/FullPreview/Index.cfm/ID/1906601,Free,3D Model License: Standard,"3ds Max 2018 Corona Corona6, 3ds Max 2017 Corona Corona6, 3ds Max 2019 Corona Corona6, 3ds Max 2020 Corona Corona6, OBJ, FBX","1,326,862 Polygons","756,306 Vertices",Yes,No,Yes,Yes
Modern Sofa 3D model,1906107,https://www.turbosquid.com/FullPreview/Index.cfm/ID/1906107,Free,3D Model License: Standard,"NATIVE3ds Max 2017 | Corona Corona6, FBX 2017","1,072,835 Polygons","1,054,470 Vertices",Yes,No,Yes,No
Sofa for interior 006 3D model,1896628,https://www.turbosquid.com/FullPreview/Index.cfm/ID/1896628,Free,3D Model License: Standard,"OBJ 3.0.0, FBX 3.0.0, Blender 3.0.0 Cycles Render 3.0.0, Collada 3.0.0",1 Polygons,1 Vertices,Yes,Yes,Yes,No
lowpoly perfume bottle 3D model,1851255,https://www.turbosquid.com/FullPreview/Index.cfm/ID/1851255,Free,3D Model License: Standard,"OBJ, Cinema 4D R19 Advanced Render 19.024, FBX, Blender 3.2.0 Blender Render, 3D Studio, STL",6 Polygons,6 Vertices,No,Yes,Yes,No
Vissionaire Bastian Babylon 3D model,1850334,https://www.turbosquid.com/FullPreview/Index.cfm/ID/1850334,Free,3D Model License: Standard,"NATIVE3ds Max 2017 | Corona 1,4, 3ds Max 2014 Corona 1,4, OBJ 2017, FBX 2017","1,199,370 Polygons","1,200,206 Vertices",Yes,Yes,Yes,Yes
Garden Couch 3D model,1845475,https://www.turbosquid.com/FullPreview/Index.cfm/ID/1845475,Free,3D Model License: Standard,"NATIVEBlender 1.0 | EEVEE Renderer 2.93, OBJ 1.0, FBX 1.0","73,769 Polygons","73,721 Vertices",Yes,Yes,Yes,Yes
3D model wood sofa,1830304,https://www.turbosquid.com/FullPreview/Index.cfm/ID/1830304,Free,3D Model License: Standard,"NATIVEBlender 3.0 | Cycles Render, OBJ, FBX","254,268 Polygons","127,148 Vertices",Yes,No,Yes,Yes
realistic sofa pbr model,1830302,https://www.turbosquid.com/FullPreview/Index.cfm/ID/1830302,Free,3D Model License: Standard,"NATIVEBlender 3.0 | Cycles Render, OBJ, FBX","387,824 Polygons","193,938 Vertices",Yes,No,Yes,Yes
Modern sofa 3D model,1827049,https://www.turbosquid.com/FullPreview/Index.cfm/ID/1827049,Free,3D Model License: Standard,"NATIVE3ds Max 2019 | Corona, 3ds Max 2019 V-Ray","1,399,150 Polygons","969,621 Vertices",Yes,Yes,Yes,Yes
3D Leather sofa model,1812252,https://www.turbosquid.com/FullPreview/Index.cfm/ID/1812252,Free,3D Model License: Standard,"NATIVEBlender 2.93.4 | Cycles Render, OBJ, FBX","203,810 Polygons","203,960 Vertices",Yes,Yes,Yes,No
William 302 Zanotta Couch 3D model,1784256,https://www.turbosquid.com/FullPreview/Index.cfm/ID/1784256,Free,3D Model License: Standard,"NATIVEBlender 2021 | Cycles Render 2.93, OBJ 2021","459,121 Polygons","459,595 Vertices",Yes,Yes,Yes,Yes
High Quality Sofa model,1762081,https://www.turbosquid.com/FullPreview/Index.cfm/ID/1762081,Free,3D Model License: Standard,OBJ 2.9,"32,257 Polygons","32,326 Vertices",Yes,Yes,Yes,Yes
Couch model,1762071,https://www.turbosquid.com/FullPreview/Index.cfm/ID/1762071,Free,3D Model License: Standard,OBJ,"170,175 Polygons","8,539 Vertices",No,No,Yes,No
Realistic Leather Couch Collection  4 Colours with Pillows 3D model,1752559,https://www.turbosquid.com/FullPreview/Index.cfm/ID/1752559,Free,3D Model License: Standard,"NATIVEBlender 2.93 | Cycles Render, OBJ, FBX, Blender 2.93 Cycles Render","1,303,289 Polygons","1,303,683 Vertices",Yes,Yes,Yes,Yes
Set of upholstered furniture Steampunk 3D model,1750382,https://www.turbosquid.com/FullPreview/Index.cfm/ID/1750382,Free,3D Model License: Standard,3D Studio 2017,"1,018,601 Polygons","1,024,729 Vertices",Yes,Yes,Yes,Yes
3D model Kawaii House Interior Pack,1731053,https://www.turbosquid.com/FullPreview/Index.cfm/ID/1731053,Free,3D Model License: Standard,Unity 2020.3.5f1,"5,753 Polygons","11,256 Vertices",Yes,Yes,Yes,Yes
3D OLD-SCHOOL LOW-POLY SOFA AND ARMCHAIRS model,1728657,https://www.turbosquid.com/FullPreview/Index.cfm/ID/1728657,Free,3D Model License: Standard,FBX,40 Polygons,20 Vertices,Yes,No,Yes,No
OLD-SCHOOL LOW-POLY SOFA 3D model,1727902,https://www.turbosquid.com/FullPreview/Index.cfm/ID/1727902,Free,3D Model License: Standard,FBX,34 Polygons,36 Vertices,Yes,No,Yes,No
3D Sofa for archviz 3D model,1726606,https://www.turbosquid.com/FullPreview/Index.cfm/ID/1726606,Free,3D Model License: Standard,"Blender 2,92 Cycles Render","55,327 Polygons","27,839 Vertices",Yes,Yes,Yes,No
3D SOFA model,1720552,https://www.turbosquid.com/FullPreview/Index.cfm/ID/1720552,Free,3D Model License: Standard,NATIVE3ds Max 2018 | Corona 5,"14,444 Polygons","2,444,444 Vertices",No,No,Yes,No
Cow sofa 3D model,1716851,https://www.turbosquid.com/FullPreview/Index.cfm/ID/1716851,Free,3D Model License: Standard,"3ds Max 2019 V-Ray, 3ds Max 2018 V-Ray, 3ds Max 2020 V-Ray, 3ds Max 2021 V-Ray, OBJ, FBX, 3D Studio, Collada, AutoCAD drawing, DXF","137,339 Polygons","70,356 Vertices",Yes,Yes,Yes,Yes
3D Armchair,1707841,https://www.turbosquid.com/FullPreview/Index.cfm/ID/1707841,Free,3D Model License: Standard,"NATIVE3ds Max 2020 | Corona 2020, 3ds Max 2020 Corona 2020","54,410 Polygons","50,206 Vertices",No,No,Yes,No
Classic Sofa and coffee table 3D model,1696461,https://www.turbosquid.com/FullPreview/Index.cfm/ID/1696461,Free,3D Model License: Standard,"NATIVEBlender 2.91 | Cycles Render, OBJ, Cinema 4D R20 Default Scanline, FBX, Collada, DirectX","539,894 Polygons","347,383 Vertices",No,Yes,Yes,No
A sofa furniture set 3D model,1671326,https://www.turbosquid.com/FullPreview/Index.cfm/ID/1671326,Free,3D Model License: Standard,"NATIVEBlender 1.0 | Cycles Render 1.0, FBX 1.0, Collada 1.0, glTF 1.0","335,012 Polygons","335,067 Vertices",Yes,Yes,Yes,Yes
A sofa furniture set model,1671110,https://www.turbosquid.com/FullPreview/Index.cfm/ID/1671110,Free,3D Model License: Standard,"NATIVEBlender 1.0 | Cycles Render 1.0, FBX 1.0, glTF 1.0","335,012 Polygons","335,067 Vertices",Yes,Yes,Yes,Yes
sofa interior 3d by cyberalex blackfriday 3D model,1636512,https://www.turbosquid.com/FullPreview/Index.cfm/ID/1636512,Free,3D Model License: Standard,"Blender 2.8 Cycles Render 2.8, PNG 2.8","1,100,000 Polygons","2,172,000 Vertices",Yes,Yes,Yes,No
3D Couch model,1633093,https://www.turbosquid.com/FullPreview/Index.cfm/ID/1633093,Free,3D Model License: Standard,Blender 2.80 Cycles Render,"64,903 Polygons","65,982 Vertices",No,Yes,Yes,No
3D Zanotta William Three-seat sofa,1610069,https://www.turbosquid.com/FullPreview/Index.cfm/ID/1610069,Free,3D Model License: Standard,"NATIVEBlender 2.83 | Cycles Render, OBJ, FBX, Collada","247,422 Polygons","247,434 Vertices",Yes,Yes,Yes,Yes
RG Model Pack 01 model,1604409,https://www.turbosquid.com/FullPreview/Index.cfm/ID/1604409,Free,3D Model License: Standard,FBX 2015,"500,000 Polygons","280,000 Vertices",Yes,Yes,Yes,Yes
modern Velvet Sofa 3D model,1602350,https://www.turbosquid.com/FullPreview/Index.cfm/ID/1602350,Free,3D Model License: Standard,"NATIVE3ds Max 2015 | V-Ray 5, FBX 2018","15,874 Polygons","16,019 Vertices",Yes,Yes,Yes,Yes
Sofa 3D model,1596731,https://www.turbosquid.com/FullPreview/Index.cfm/ID/1596731,Free,3D Model License: Standard,"NATIVEBlender 2.82 | Cycles Render, OBJ, FBX","1,302,716 Polygons","1,303,153 Vertices",Yes,Yes,Yes,Yes
3D model Simple Sofa,1586027,https://www.turbosquid.com/FullPreview/Index.cfm/ID/1586027,Free,3D Model License: Standard,"3ds Max 2021 Arnold, 3ds Max 2018 Arnold, FBX, SketchUp 2019","31,030 Polygons","31,200 Vertices",Yes,Yes,Yes,Yes
3D SVEN Sofa for model,1572979,https://www.turbosquid.com/FullPreview/Index.cfm/ID/1572979,Free,3D Model License: Standard,NATIVE3ds Max 2016 | Default Scanline,0 Polygons,0 Vertices,Yes,No,Yes,No
Sofa 3D model,1572924,https://www.turbosquid.com/FullPreview/Index.cfm/ID/1572924,Free,3D Model License: Standard,"3ds Max 2019 Default Scanline, OBJ","3,816 Polygons","2,334 Vertices",No,No,Yes,No
3D Grey Couch model,1566298,https://www.turbosquid.com/FullPreview/Index.cfm/ID/1566298,Free,3D Model License: Standard,NATIVE3ds Max 1.0 | iray 1.0,"20,742 Polygons","20,681 Vertices",Yes,No,Yes,Yes
"3D sofa cherter fbx, boj, x3d, stl, dae",1548146,https://www.turbosquid.com/FullPreview/Index.cfm/ID/1548146,Free,3D Model License: Standard,OBJ,38 Polygons,41 Vertices,Yes,Yes,Yes,Yes
Low Poly Furniture Pack 3D,1543960,https://www.turbosquid.com/FullPreview/Index.cfm/ID/1543960,Free,3D Model License: Standard,"NATIVEBlender 2.82 | EEVEE Renderer, OBJ, FBX, Collada","1,034 Polygons",500 Vertices,No,No,Yes,Yes
3D Vigo / Friheten / Malmsta / Solleftea / Stockholm,1539977,https://www.turbosquid.com/FullPreview/Index.cfm/ID/1539977,Free,3D Model License: Standard,"NATIVE3ds Max 2016 | V-Ray 3.40, 3ds Max 2013 V-Ray 3.40, OBJ, FBX 2009","210,356 Polygons","228,248 Vertices",Yes,Yes,Yes,Yes
sectioned wood couch 3D model,1533328,https://www.turbosquid.com/FullPreview/Index.cfm/ID/1533328,Free,3D Model License: Standard,"OBJ, FBX, 3D Studio","47,902 Polygons","40,168 Vertices",No,No,Yes,No
3D two-seated couch,1510246,https://www.turbosquid.com/FullPreview/Index.cfm/ID/1510246,Free,3D Model License: Standard,"3ds Max 2017 Corona, 3ds Max 2017 V-Ray next, 3ds Max 2020 Corona, 3ds Max 2020 V-Ray next, OBJ, FBX","5,935 Polygons","6,129 Vertices",Yes,Yes,Yes,Yes
3D model Simple Sofa,1498060,https://www.turbosquid.com/FullPreview/Index.cfm/ID/1498060,Free,3D Model License: Standard,"OBJ 2019, Maya 2019 V-Ray, FBX 2019","4,788 Polygons","2,474 Vertices",Yes,No,Yes,Yes
setting area 3D model,1495403,https://www.turbosquid.com/FullPreview/Index.cfm/ID/1495403,Free,3D Model License: Standard,"NATIVE3ds Max 2020 | Other, OBJ, FBX, 3D Studio","40,710 Polygons","20,911 Vertices",No,No,Yes,No
3D model Chair,1495401,https://www.turbosquid.com/FullPreview/Index.cfm/ID/1495401,Free,3D Model License: Standard,"NATIVE3ds Max 2020 | Other, OBJ, FBX, 3D Studio","39,245 Polygons","28,250 Vertices",No,No,Yes,No
3D model Sofa,1492229,https://www.turbosquid.com/FullPreview/Index.cfm/ID/1492229,Free,3D Model License: Standard,"NATIVE3ds Max 2020 | Other, 3ds Max 2017 Other, OBJ, FBX","31,897 Polygons","21,304 Vertices",No,No,Yes,No
Sofa(1) model,1492222,https://www.turbosquid.com/FullPreview/Index.cfm/ID/1492222,Free,3D Model License: Standard,"NATIVE3ds Max 2020 | Other, 3ds Max 2017 Other, OBJ, FBX","1,012 Polygons","1,000 Vertices",No,No,Yes,No
3D SOFA SETI,1489149,https://www.turbosquid.com/FullPreview/Index.cfm/ID/1489149,Free,3D Model License: Standard,"3ds Max 2015 V-Ray 3.5, OBJ 2015, FBX 2015, 3D Studio 2015","76,202 Polygons","38,268 Vertices",Yes,Yes,Yes,Yes
Sofa 3D model,1482314,https://www.turbosquid.com/FullPreview/Index.cfm/ID/1482314,Free,3D Model License: Standard,"FBX, Blender 2.80 Blender Render","1,149,800 Polygons","1,149,831 Vertices",No,No,Yes,No
3D Game ready Sofa,1477221,https://www.turbosquid.com/FullPreview/Index.cfm/ID/1477221,Free,3D Model License: Standard,FBX,338 Polygons,192 Vertices,Yes,Yes,Yes,Yes
Living Room Assets 3D model,1471905,https://www.turbosquid.com/FullPreview/Index.cfm/ID/1471905,Free,3D Model License: Standard,"NATIVEBlender 2.80 | Cycles Render 2.80, FBX","561,246 Polygons","281,940 Vertices",Yes,Yes,Yes,Yes
SimpleSofa model,1469945,https://www.turbosquid.com/FullPreview/Index.cfm/ID/1469945,Free,3D Model License: Standard,"NATIVECinema 4D R19 | Physical, FBX 7.4(2014)","32,912 Polygons","98,736 Vertices",Yes,Yes,Yes,No
3D Sofa,1469403,https://www.turbosquid.com/FullPreview/Index.cfm/ID/1469403,Free,3D Model License: Standard,"NATIVEBlender 2.8 | Cycles Render, OBJ, FBX",1 Polygons,1 Vertices,No,Yes,Yes,No
3D Black  Wooden Sofa,1466913,https://www.turbosquid.com/FullPreview/Index.cfm/ID/1466913,Free,3D Model License: Standard,"NATIVEBlender 2.8 | EEVEE Renderer, OBJ, FBX, Collada, STL",11 Polygons,"10,236 Vertices",Yes,Yes,Yes,Yes
Sofa 3D model,1417261,https://www.turbosquid.com/FullPreview/Index.cfm/ID/1417261,Free,3D Model License: Standard,3ds Max 2017 V-Ray 3.40.01,"823,072 Polygons","508,950 Vertices",Yes,Yes,Yes,Yes
3D sofa model,1405898,https://www.turbosquid.com/FullPreview/Index.cfm/ID/1405898,Free,3D Model License: Standard,,"2,819,902 Polygons","1,420,796 Vertices",Yes,Yes,Yes,No
Couch 3D model,1405527,https://www.turbosquid.com/FullPreview/Index.cfm/ID/1405527,Free,3D Model License: Standard,FBX,"3,064 Polygons","2,992 Vertices",Yes,Yes,Yes,Yes
3D sofa,1403071,https://www.turbosquid.com/FullPreview/Index.cfm/ID/1403071,Free,3D Model License: Standard,"NATIVE3ds Max 2014 | V-Ray 3,0, OBJ 2014, FBX 2014","2,850 Polygons","3,064 Vertices",Yes,Yes,Yes,Yes
3D model Sofa,1361501,https://www.turbosquid.com/FullPreview/Index.cfm/ID/1361501,Free,3D Model License: Standard,NATIVE3ds Max 2013 | Default Scanline,"4,214 Polygons","3,790 Vertices",No,Yes,Yes,No
Sectional Sofa 3D,1342139,https://www.turbosquid.com/FullPreview/Index.cfm/ID/1342139,Free,3D Model License: Standard,"NATIVE3ds Max 2015 | V-Ray 3.20.02, 3ds Max 2012 V-Ray 3.20.02, OBJ, FBX","506,613 Polygons","342,306 Vertices",Yes,Yes,Yes,Yes
3D Sofa loft style 3,1341075,https://www.turbosquid.com/FullPreview/Index.cfm/ID/1341075,Free,3D Model License: Standard,"NATIVE3ds Max 2016 | V-Ray, 3ds Max 2016 V-Ray, OBJ, FBX, 3D Studio, Collada, AutoCAD drawing, DXF, Pulse, Shockwave 3D, VRML","4,982 Polygons","5,109 Vertices",Yes,Yes,Yes,Yes
3D model sofa modern style,1333184,https://www.turbosquid.com/FullPreview/Index.cfm/ID/1333184,Free,3D Model License: Standard,"NATIVE3ds Max 2016 | V-Ray, OBJ, FBX, 3D Studio, Collada, AutoCAD drawing, DXF, Pulse, STL, Shockwave 3D, VRML","37,300 Polygons","19,489 Vertices",Yes,Yes,Yes,Yes
3D model sofa with fabric upholstery,1332452,https://www.turbosquid.com/FullPreview/Index.cfm/ID/1332452,Free,3D Model License: Standard,"NATIVE3ds Max 2016 | V-Ray, OBJ, FBX, Collada, AutoCAD drawing, DXF, Pulse, STL, Shockwave 3D, VRML, 3D Studio","37,300 Polygons","19,489 Vertices",Yes,Yes,Yes,Yes
3D model Plastic Sofa,1315138,https://www.turbosquid.com/FullPreview/Index.cfm/ID/1315138,Free,3D Model License: Standard,"NATIVE3ds Max 2013 | V-Ray, OBJ 2013, FBX 2013","43,296 Polygons","43,320 Vertices",No,Yes,Yes,No
3D model Modern fabric couch,1305525,https://www.turbosquid.com/FullPreview/Index.cfm/ID/1305525,Free,3D Model License: Standard,"OBJ, Maya 2018 V-Ray 3.6, FBX 2014/15","17,276 Polygons","17,296 Vertices",Yes,Yes,Yes,Yes
AIR SOFA model,1287462,https://www.turbosquid.com/FullPreview/Index.cfm/ID/1287462,Free,3D Model License: Standard,"3ds Max 2015 Corona 5, OBJ 2015, FBX 2015, 3D Studio 2015","92,890 Polygons","92,934 Vertices",Yes,Yes,Yes,Yes
3D model Modern Sofa,1250502,https://www.turbosquid.com/FullPreview/Index.cfm/ID/1250502,Free,3D Model License: Standard,"OBJ, Cinema 4D R15 VRAYforC4D","119,832 Polygons","120,130 Vertices",No,No,Yes,No
3D sofa model,1234748,https://www.turbosquid.com/FullPreview/Index.cfm/ID/1234748,Free,3D Model License: Standard,"NATIVE3ds Max 2016 | V-Ray 3.6, OBJ, FBX","12,305 Polygons",6 Vertices,Yes,Yes,Yes,Yes
3D model Baxter Casper Sofa,1220387,https://www.turbosquid.com/FullPreview/Index.cfm/ID/1220387,Free,3D Model License: Standard,"NATIVE3ds Max 2015 | Corona 1.7, 3ds Max 2015 V-Ray 3.60, OBJ","63,198 Polygons","63,985 Vertices",Yes,Yes,Yes,Yes
Sofa,1113014,https://www.turbosquid.com/FullPreview/Index.cfm/ID/1113014,Free,3D Model License: Standard,"NATIVEBlender 2.78a | Cycles Render, OBJ, FBX, 3D Studio","7,000 Polygons","8,000 Vertices",No,Yes,Yes,No
Couch,1103626,https://www.turbosquid.com/FullPreview/Index.cfm/ID/1103626,Free,3D Model License: Standard,"NATIVERhino Rhino 5, 3ds Max 3ds V-Ray 3, OBJ obj, SketchUp skp","45,473 Polygons","34,212 Vertices",No,No,Yes,Yes
Large Sofa,1079534,https://www.turbosquid.com/FullPreview/Index.cfm/ID/1079534,Free,3D Model License: Standard,NATIVE3ds Max 2017 | V-Ray 3.40.01,"203,072 Polygons","194,690 Vertices",Yes,Yes,Yes,Yes
volcano with treasure,1039185,https://www.turbosquid.com/FullPreview/Index.cfm/ID/1039185,Free,3D Model License: Standard,"NATIVEMaya 2012 | Arnold, Maya 2012 mental ray, Maya 2012 Arnold, JPEG 2012","1,500 Polygons",650 Vertices,Yes,Yes,Yes,Yes
Sofa,1019010,https://www.turbosquid.com/FullPreview/Index.cfm/ID/1019010,Free,3D Model License: Standard,"NATIVE3ds Max 2012 | V-Ray 2.30, OBJ 2010, FBX 2009","81,886 Polygons","81,932 Vertices",Yes,Yes,Yes,Yes
Leather Couch,954469,https://www.turbosquid.com/FullPreview/Index.cfm/ID/954469,Free,3D Model License: Standard,"OBJ, FBX, Collada","268,228 Polygons","269,017 Vertices",No,Yes,Yes,Yes
Modern Couch and Coffee Table,894901,https://www.turbosquid.com/FullPreview/Index.cfm/ID/894901,Free,3D Model License: Standard,"NATIVE3ds Max 2014 | mental ray, OBJ, FBX","14,128 Polygons","7,094 Vertices",No,Yes,Yes,No
classical sofa3 yayik,879401,https://www.turbosquid.com/FullPreview/Index.cfm/ID/879401,Free,3D Model License: Standard,3ds Max 2014 V-Ray 3.00.03,"45,612 Polygons","43,253 Vertices",No,Yes,Yes,Yes
Sofa,842712,https://www.turbosquid.com/FullPreview/Index.cfm/ID/842712,Free,3D Model License: Standard,"NATIVE3ds Max 2009 | V-Ray 2.0, OBJ 2009","108,400 Polygons","59,174 Vertices",Yes,Yes,Yes,Yes
quilted seat,834850,https://www.turbosquid.com/FullPreview/Index.cfm/ID/834850,Free,3D Model License: Standard,3ds Max 2014 V-Ray 2.40,"232,628 Polygons","248,765 Vertices",Yes,Yes,Yes,Yes
Two Seat Fabric Sofa Realistic,829270,https://www.turbosquid.com/FullPreview/Index.cfm/ID/829270,Free,3D Model License: Standard,NATIVE3ds Max 2013 | V-Ray 2.3,"199,601 Polygons","200,242 Vertices",Yes,Yes,Yes,Yes
red,812706,https://www.turbosquid.com/FullPreview/Index.cfm/ID/812706,Free,3D Model License: Standard,3ds Max 2014 V-Ray 2.0,"17,618 Polygons","13,868 Vertices",Yes,Yes,Yes,No
Sofa,771250,https://www.turbosquid.com/FullPreview/Index.cfm/ID/771250,Free,3D Model License: Standard,OBJ,"1,056 Polygons",10 Vertices,No,No,Yes,No
modern sofa,756359,https://www.turbosquid.com/FullPreview/Index.cfm/ID/756359,Free,3D Model License: Standard,"3ds Max 2010 V-Ray 2.30, FBX","199,665 Polygons","101,720 Vertices",Yes,Yes,Yes,Yes
Sofa collection IRIS by DIZAJNO,745383,https://www.turbosquid.com/FullPreview/Index.cfm/ID/745383,Free,3D Model License: Standard,3ds Max 2012 V-Ray,"16,822 Polygons","20,442 Vertices",Yes,Yes,Yes,Yes
Leather Sofa,739941,https://www.turbosquid.com/FullPreview/Index.cfm/ID/739941,Free,3D Model License: Standard,"NATIVE3ds Max 2012 | V-Ray 2.30, OBJ 2012, FBX 2012, 3D Studio 2012","3,457 Polygons","3,654 Vertices",Yes,Yes,Yes,No
Provasi Richard,739903,https://www.turbosquid.com/FullPreview/Index.cfm/ID/739903,Free,3D Model License: Standard,"NATIVE3ds Max 2010 | V-Ray, OBJ","839,190 Polygons","419,993 Vertices",No,No,Yes,No
couch,720616,https://www.turbosquid.com/FullPreview/Index.cfm/ID/720616,Free,3D Model License: Standard,"3ds Max, FBX",274 Polygons,372 Vertices,Yes,No,Yes,No
couch.3ds,398130,https://www.turbosquid.com/FullPreview/Index.cfm/ID/398130,Free,3D Model License: Standard,3D Studio,0 Polygons,240 Vertices,No,No,Yes,No
SOFA3.3DS,319644,https://www.turbosquid.com/FullPreview/Index.cfm/ID/319644,Free,3D Model License: Standard,3D Studio,"8,626 Polygons",0 Vertices,No,No,Yes,No
divan2.max,303647,https://www.turbosquid.com/FullPreview/Index.cfm/ID/303647,Free,3D Model License: Standard,3ds Max,0 Polygons,0 Vertices,Yes,Yes,Yes,No
Bed.max,251445,https://www.turbosquid.com/FullPreview/Index.cfm/ID/251445,Free,3D Model License: Standard,3ds Max 5,0 Polygons,0 Vertices,No,No,Yes,No
sofa2.3DS,250779,https://www.turbosquid.com/FullPreview/Index.cfm/ID/250779,Free,3D Model License: Standard,3D Studio,0 Polygons,0 Vertices,No,No,Yes,No
